step,epoch,training_loss,validation_loss,learning_rate
10,0.1,3.9304,,4.775e-05
20,0.2,2.8438,,4.525e-05
30,0.3,2.4046,,4.275e-05
40,0.4,2.0136,,4.025e-05
50,0.5,1.7503,,3.775e-05
60,0.6,1.5778,,3.525e-05
70,0.7,1.3252,,3.275e-05
80,0.8,1.2263,,3.025e-05
90,0.9,1.2465,,2.7750000000000004e-05
100,1.0,1.1435,,2.525e-05
100,1.0,,0.7709815502166748,
110,1.1,1.0139,,2.275e-05
120,1.2,1.0097,,2.025e-05
130,1.3,0.9357,,1.775e-05
140,1.4,0.9191,,1.525e-05
150,1.5,0.9532,,1.2750000000000002e-05
160,1.6,0.93,,1.025e-05
170,1.7,0.8234,,7.75e-06
180,1.8,0.8031,,5.25e-06
190,1.9,0.8892,,2.7500000000000004e-06
200,2.0,0.851,,2.5000000000000004e-07
200,2.0,,0.5895400643348694,
200,2.0,,,
200,2.0,,0.5895400643348694,
